Actual Strength,MLR Predicted,KNNR Predicted
41.67,40.75358783822692,40.620000000000005
29.55,28.66355366379524,32.001999999999995
34.49,44.41726698590409,33.822
14.54,26.838959206902473,21.206
17.34,21.837246879907113,15.882000000000001
10.54,17.413508939219653,12.214000000000002
23.14,21.545504242235054,27.088
58.78,63.66463199397826,52.208000000000006
44.7,38.48010956690082,43.588
11.41,9.686729861125158,11.326
62.05,52.14534128720621,58.290000000000006
50.7,53.9470041696197,46.06
46.23,50.35366124219037,48.27
32.72,33.851336141972965,32.422
40.15,36.9049335688872,37.519999999999996
47.74,46.02751023443405,43.63000000000001
21.78,21.31390642737024,29.194
27.22,29.417385036795494,24.756
37.92,41.478575683834194,47.694
61.89,56.89640771662117,55.968
53.66,49.14904796539443,52.278
27.04,22.490500405225404,19.124
19.52,15.32040969523483,19.068
9.73,15.897120317689954,22.1
33.54,39.27387282502501,43.668000000000006
37.42,36.71574724605627,37.82
43.89,43.808943776574,36.826
12.37,26.7159722168997,18.744
25.46,25.890918905167297,16.227999999999998
19.01,24.86199300627969,26.404000000000003
9.45,12.053545052727003,18.158
28.68,29.7793909828019,32.75
71.3,57.17211223341201,61.51800000000001
48.79,48.06492047708706,35.358
22.75,35.919062588544165,36.30800000000001
24.13,24.624305648816716,41.084
59.0,49.20825381748463,53.926
39.49,46.79470786992502,38.914
37.8,40.76021275558007,57.05999999999999
22.35,17.844566038533017,16.422
22.9,44.682227441602194,39.14
47.97,61.273864737551804,56.3
19.69,23.608948860847264,20.174
25.89,29.79996440825228,24.318
30.22,33.96702326440416,32.327999999999996
17.6,26.517575599687277,18.814
65.91,50.334168981330606,59.519999999999996
29.73,31.21988566620992,25.8
29.75,25.183723642300478,28.613999999999997
41.94,42.56761588528224,38.016000000000005
57.21,44.049268178650124,54.524
79.99,56.53199450899956,55.967999999999996
42.35,44.284240685286235,39.132
39.3,42.90748923707339,34.751999999999995
72.3,66.1529934624969,67.158
26.06,23.73334973842124,25.532
9.01,21.65592734330953,15.669999999999998
38.22,52.28673057719091,45.416
33.3,36.35924315497678,36.102
32.04,29.400836349861308,25.924
24.4,37.11454509464788,53.54600000000001
60.29,59.15531170097387,46.9
36.35,38.19546134694279,31.845999999999997
67.8,65.64894795932152,66.96
35.23,20.721544970292527,24.395999999999997
64.3,66.96732710051108,58.42
43.57,40.16260212646152,40.386
32.33,42.17925592483499,32.058
39.7,39.94475344527015,41.868
35.08,21.524473337579707,36.91799999999999
14.5,14.310435767525888,14.726000000000003
14.7,18.249987315959203,21.35
27.74,23.427816178746852,23.242
48.85,48.86107269850871,35.082
14.6,13.454846734696929,14.758
33.12,45.347837596621886,40.588
25.37,25.16825667747426,24.444
42.33,35.78352889629838,43.29600000000001
41.41,34.67391849924269,42.268
42.42,38.23137547421641,32.998000000000005
35.57,37.03598104641149,35.398
40.93,40.89256009195887,44.589999999999996
28.63,21.51143169406447,34.898
43.58,40.197505967089455,40.386
44.3,42.266001330211324,39.132000000000005
15.34,23.499862819344656,18.616000000000003
59.8,55.763241644354764,52.54
13.57,15.93785916470722,19.863999999999997
42.13,49.960324479277276,42.326
54.38,41.013397172229006,53.49399999999999
19.11,17.540783441755394,18.948
22.95,21.058781560839705,34.846000000000004
37.17,34.5509477802716,36.162
17.22,13.543107858714208,17.206
44.4,39.89060802164738,37.788
14.8,15.276954795655882,15.938000000000002
9.85,6.378177465484562,15.918000000000001
28.3,39.573546429345015,44.040000000000006
35.3,39.59134692603239,39.14
54.9,65.09424847619478,62.126
55.83,46.706687134287066,42.628
32.25,28.361176002138123,31.246
26.97,28.707493051024528,28.714
38.33,38.14733847249957,33.112
47.4,38.92040990271873,42.775999999999996
52.91,38.64568593622792,44.962
32.11,36.08171463584053,51.552
28.6,39.701467769277954,46.775999999999996
17.54,22.01828792903555,15.675999999999998
68.5,56.864223078649445,59.48
29.65,31.1238731660938,28.226000000000006
80.2,64.96632713626184,66.36
25.18,27.766839587465682,24.268
42.64,34.60689259921716,41.084
19.77,23.59931470903939,20.174
67.57,58.83673291831491,62.374
54.9,55.41411027008418,54.81999999999999
26.06,28.69203941803147,32.998
24.1,37.32490111290706,28.118000000000002
15.03,14.511496925508311,17.256
43.57,43.61337763962622,41.35600000000001
17.96,18.30474169796632,15.052000000000001
26.92,27.734707070458654,24.33
73.7,64.67623847818666,62.3
17.24,16.514769925825618,12.907999999999998
30.45,25.322866936862027,48.480000000000004
35.34,37.37497524372411,34.046
29.55,36.387695168264386,47.694
64.9,63.575257043891966,53.29600000000001
30.65,37.62403416602659,34.384
42.13,45.03101625731371,35.954
13.4,19.533425133246908,38.416000000000004
17.44,19.115176752123503,14.866
33.04,44.65781093911437,30.102000000000004
13.29,18.699029736799787,12.809999999999999
6.81,9.420616409938496,17.256
20.28,21.40570604851763,18.599999999999998
16.26,18.134902334000316,14.863999999999999
50.95,42.57425007046257,48.577999999999996
45.3,45.89650263858586,54.532
28.1,36.36623886224008,42.54
59.2,75.88784407620048,64.42
29.23,25.838751991448206,29.136000000000003
55.5,57.36303370067456,50.806
33.08,38.215441341605185,38.918000000000006
38.11,39.77068352476344,35.954
43.58,45.072790778417684,40.502
52.91,35.50473041657851,51.574
25.69,21.406747773251524,24.636
8.06,9.719664144180477,14.674000000000001
40.39,43.58322797243049,43.266
17.95,23.599693140292672,15.988
15.58,16.895978146878363,15.937999999999999
6.47,2.1719841385774856,12.384
25.18,27.18229435629246,25.768
39.66,36.428189079988485,36.48199999999999
21.26,17.83520385894954,17.910000000000004
30.96,13.754514404336618,17.330000000000002
51.04,46.93828494915188,47.95
20.73,17.479960157127437,26.7
47.81,25.140533949213037,45.11
46.9,50.345810781875684,52.720000000000006
30.23,28.317083717887442,25.306
31.97,31.49083383726051,25.613999999999997
36.84,41.00994310411397,40.620000000000005
32.92,39.9269225926066,36.903999999999996
40.86,41.26089696741295,38.132
47.1,44.79234828484776,46.775999999999996
11.58,9.217013251922694,15.413999999999998
55.55,54.05409520379797,47.694
64.02,50.8976590565111,45.9
44.14,47.28933524711705,42.628
31.65,32.51233954999965,33.362
15.62,12.687216742450701,15.059999999999999
55.65,53.655211301433766,46.374
40.87,41.14291365213482,36.508
50.6,38.89467173474985,36.494
24.43,24.270505058321675,27.782
67.11,66.59412348904218,62.782
49.77,40.73236054926899,41.33800000000001
27.94,39.205857008709486,28.834000000000003
54.6,55.233220928014134,43.608000000000004
24.24,37.75557274013077,30.631999999999998
41.72,45.21317621268565,34.715999999999994
8.37,5.814856906156535,12.209999999999999
53.39,55.27394371567833,52.676
19.35,20.98800083325976,25.454
46.68,53.46184933801459,52.124
42.62,51.52117737751084,41.87599999999999
40.27,49.45869766905494,44.010000000000005
23.64,35.46931799273075,39.438
33.06,26.929568130196003,24.366
69.84,53.552836774984215,60.519999999999996
13.12,13.600075695577985,17.206
26.32,31.248113425918376,31.303999999999995
48.99,43.385905007968375,51.246
59.89,60.40881485634377,63.318000000000005
13.18,13.654090638778541,30.434000000000005
52.96,49.986931220822115,51.742
22.93,28.10250590808228,25.494
37.81,35.57388960843116,37.078
